countyid,emp
1001,358
1003,4091
1005,175
1007,120
1009,244
1011,53
1013,193
1015,1900
1017,269
1019,102
1021,265
1023,49
1025,242
1027,23
1029,15
1031,481
1033,712
1035,305
1037,15
1039,583
1041,140
1043,835
1045,4350
1047,473
1049,674
1051,1466
1053,1478
1055,1041
1057,51
1059,184
1061,157
1063,125
1065,38
1067,161
1069,3631
1071,500
1073,34494
1075,45
1077,1672
1079,102
1081,2717
1083,848
1085,96
1087,1679
1089,28438
1091,203
1093,106
1095,1537
1097,16896
1099,223
1101,12069
1103,2577
1105,318
1107,104
1109,926
1111,89
1113,280
1115,978
1117,13032
1119,240
1121,2037
1123,346
1125,5147
1127,649
1129,105
1131,313
1133,322
2013,28
2016,462
2020,28704
2050,728
2060,131
2068,93
2070,85
2090,2763
2100,37
2105,72
2110,1507
2122,1446
2130,1245
2150,456
2164,82
2170,1249
2180,284
2185,1140
2188,185
2195,106
2198,92
2220,321
2230,64
2240,99
2261,737
2270,76
2275,36
2282,54
2290,85
4001,305
4003,3582
4005,5502
4007,1018
4009,604
4011,74
4012,749
4013,285694
4015,2259
4017,1562
4019,34818
4021,7012
4023,1638
4025,5901
4027,4584
5001,595
5003,233
5005,762
5007,32695
5009,1495
5011,148
5013,10
5015,954
5017,381
5019,901
5021,271
5023,250
5025,16
5027,185
5029,224
5031,2603
5033,711
5035,1725
5037,426
5039,32
5041,314
5043,189
5045,4739
5047,194
5049,34
5051,3160
5053,89
5055,1981
5057,210
5059,219
5061,85
5063,996
5065,140
5067,171
5069,690
5071,676
5073,30
5075,490
5077,173
5079,49
5081,59
5083,129
5085,1022
5087,42
5089,75
5091,782
5093,1181
5095,343
5097,109
5099,36
5101,87
5103,261
5105,17
5107,630
5109,180
5111,445
5113,344
5115,1947
5117,137
5119,23632
5121,137
5123,757
5125,1549
5127,18
5129,38
5131,7499
5133,101
5135,86
5137,126
5139,1552
5141,364
5143,8196
5145,2651
5147,329
5149,133
6001,148290
6003,397
6005,1478
6007,5567
6009,438
6011,809
6013,47512
6015,414
6017,7648
6019,24750
6021,239
6023,3202
6025,2373
6027,358
6029,17612
6031,2708
6033,993
6035,282
6037,925398
6039,1574
6041,18531
6043,960
6045,2042
6047,2349
6049,114
6051,324
6053,13189
6055,6164
6057,2366
6059,302573
6061,20568
6063,274
6065,57159
6067,61186
6069,898
6071,70122
6073,244065
6075,211695
6077,17219
6079,10364
6081,138045
6083,25655
6085,416529
6087,11899
6089,4273
6091,8
6093,893
6095,9801
6097,20394
6099,10772
6101,1379
6103,948
6105,98
6107,9199
6109,1930
6111,40973
6113,10730
6115,1292
8001,17621
8003,465
8005,59963
8007,614
8009,58
8011,226
8013,38108
8014,16125
8015,795
8017,78
8019,807
8021,59
8023,2
8025,281
8027,50
8029,357
8031,106257
8033,63
8035,13182
8037,7885
8039,134
8041,40878
8043,567
8045,1187
8047,4343
8049,2379
8051,453
8053,21
8055,52
8057,17
8059,30161
8061,30
8063,444
8065,231
8067,2251
8069,16623
8071,70
8073,20
8075,339
8077,4746
8079,60
8081,132
8083,904
8085,693
8087,367
8089,188
8091,112
8093,138
8095,140
8097,4704
8099,196
8101,3012
8103,105
8105,420
8107,1566
8109,316
8111,55
8113,1243
8115,41
8117,5071
8119,1804
8121,81
8123,8531
8125,296
9001,110436
9003,86656
9005,5359
9007,9324
9009,67058
9011,27502
9013,2206
9015,1743
10001,6659
10003,60395
10005,3527
11001,198165
12001,8584
12003,92
12005,8691
12007,256
12009,24163
12011,137225
12013,43
12015,1767
12017,1976
12019,2283
12021,11675
12023,2065
12025,181047
12027,184
12029,25
12031,70331
12033,8556
12035,1472
12037,240
12039,660
12041,145
12043,207
12045,97
12047,95
12049,281
12051,804
12053,1347
12055,786
12057,108347
12059,52
12061,3057
12063,836
12065,94
12067,94
12069,6525
12071,20613
12073,11950
12075,266
12077,34
12079,128
12081,9325
12083,5092
12085,5841
12087,3748
12089,1201
12091,7161
12093,555
12095,163938
12097,7786
12099,74651
12101,7899
12103,63585
12105,24449
12107,471
12109,7449
12111,5937
12113,2565
12115,14858
12117,28949
12119,889
12121,612
12123,160
12125,35
12127,16360
12129,363
12131,1288
12133,265
13001,197
13003,6
13005,183
13007,147
13009,876
13011,111
13013,1178
13015,2233
13017,353
13019,208
13021,5924
13023,62
13025,12
13027,145
13029,373
13031,682
13033,848
13035,167
13037,49
13039,1241
13043,80
13045,3170
13047,534
13049,543
13051,20760
13053,953
13055,446
13057,4288
13059,3409
13061,4
13063,8852
13065,49
13067,77214
13069,924
13071,904
13073,2008
13075,99
13077,1678
13079,23
13081,484
13083,170
13085,218
13087,396
13089,65038
13091,116
13093,206
13095,2672
13097,2767
13099,128
13101,2
13103,264
13105,178
13107,188
13109,119
13111,352
13113,4956
13115,4223
13117,11419
13119,507
13121,254324
13123,350
13125,3
13127,3263
13129,1726
13131,215
13133,373
13135,70550
13137,861
13139,6115
13141,7
13143,144
13145,294
13147,137
13149,20
13151,3309
13153,3303
13155,344
13157,3458
13159,45
13161,264
13163,195
13165,211
13167,34
13169,220
13171,262
13173,3
13175,1302
13177,732
13179,1292
13181,22
13183,4
13185,2555
13187,425
13189,465
13191,90
13193,130
13195,112
13197,263
13199,115
13201,215
13205,327
13207,301
13209,188
13211,463
13213,617
13215,13353
13217,2175
13219,1181
13221,74
13223,608
13225,179
13227,564
13229,563
13231,182
13233,388
13235,168
13237,162
13239,12
13241,282
13243,134
13245,6749
13247,1933
13249,57
13251,39
13253,123
13255,1686
13257,691
13259,352
13261,613
13263,15
13265,1
13267,723
13269,54
13271,375
13273,188
13275,2240
13277,1361
13279,473
13281,705
13283,55
13285,3662
13287,113
13289,50
13291,171
13293,135
13295,1421
13297,675
13299,906
13301,52
13303,432
13305,227
13307,5
13309,414
13311,854
13313,6261
13315,40
13317,99
13319,107
13321,214
15001,6843
15003,58729
15005,2
15007,4135
15009,7411
16001,29036
16003,25
16005,1700
16007,44
16009,91
16011,1340
16013,930
16015,32
16017,942
16019,9274
16021,134
16023,673
16025,30
16027,5303
16029,105
16031,575
16033,13
16035,60
16037,35
16039,254
16041,219
16043,314
16045,116
16047,256
16049,302
16051,540
16053,597
16055,4386
16057,711
16059,90
16061,147
16063,9
16065,9379
16067,835
16069,793
16071,9
16073,187
16075,684
16077,326
16079,523
16081,172
16083,2904
16085,465
16087,190
17001,3463
17003,316
17005,854
17007,942
17009,130
17011,637
17013,70
17015,644
17017,459
17019,7662
17021,829
17023,266
17025,284
17027,715
17029,1503
17031,554916
17033,406
17035,191
17037,1894
17039,520
17041,422
17043,135206
17045,219
17047,194
17049,9056
17051,341
17053,584
17055,542
17057,314
17059,156
17061,268
17063,1334
17065,144
17067,365
17069,139
17071,132
17073,1163
17075,767
17077,1183
17079,471
17081,1175
17083,848
17085,637
17087,68
17089,23552
17091,5164
17093,1632
17095,2881
17097,85640
17099,2563
17101,241
17103,560
17105,940
17107,1072
17109,453
17111,8105
17113,7899
17115,6254
17117,1221
17119,7305
17121,646
17123,191
17125,424
17127,686
17129,173
17131,200
17133,700
17135,419
17137,2096
17139,241
17141,1510
17143,24595
17145,121
17147,396
17149,329
17151,33
17153,137
17155,128
17157,794
17159,229
17161,12022
17163,9235
17165,410
17167,11241
17169,78
17171,119
17173,468
17175,138
17177,1149
17179,4496
17181,127
17183,1801
17185,125
17187,1154
17189,446
17191,208
17193,363
17195,1338
17197,30159
17199,951
17201,8688
17203,1404
18001,520
18003,17620
18005,10141
18007,341
18009,141
18011,3027
18013,239
18015,264
18017,753
18019,6008
18021,225
18023,448
18025,144
18027,630
18029,2132
18031,702
18033,1087
18035,4068
18037,2734
18039,8588
18041,344
18043,1139
18045,124
18047,244
18049,277
18051,969
18053,6382
18055,241
18057,25835
18059,3078
18061,1809
18063,5401
18065,961
18067,983
18069,1426
18071,908
18073,1175
18075,268
18077,919
18079,216
18081,3982
18083,804
18085,5951
18087,935
18089,14158
18091,2656
18093,609
18095,5308
18097,89904
18099,1048
18101,533
18103,251
18105,4344
18107,967
18109,536
18111,327
18113,489
18115,639
18117,496
18119,172
18121,107
18123,168
18125,166
18127,5568
18129,696
18131,199
18133,1824
18135,295
18137,2632
18139,226
18141,26516
18143,165
18145,1619
18147,732
18149,114
18151,1590
18153,215
18155,898
18157,3585
18159,181
18161,22
18163,13550
18165,96
18167,3175
18169,1451
18171,114
18173,751
18175,199
18177,2118
18179,1857
18181,306
18183,704
19001,178
19003,91
19005,444
19007,232
19009,122
19011,321
19013,7016
19015,727
19017,1844
19019,658
19021,804
19023,208
19025,407
19027,1776
19029,298
19031,593
19033,1906
19035,289
19037,358
19039,380
19041,511
19043,547
19045,1882
19047,337
19049,3362
19051,106
19053,788
19055,469
19057,886
19059,600
19061,9189
19063,178
19065,1692
19067,252
19069,524
19071,127
19073,554
19075,300
19077,224
19079,1028
19081,375
19083,1079
19085,634
19087,615
19089,175
19091,370
19093,329
19095,382
19097,347
19099,507
19101,2247
19103,5990
19105,710
19107,257
19109,590
19111,519
19113,20971
19115,255
19117,114
19119,962
19121,226
19123,881
19125,1625
19127,720
19129,182
19131,278
19133,352
19135,190
19137,289
19139,2681
19141,500
19143,192
19145,449
19147,471
19149,1235
19151,319
19153,59431
19155,3822
19157,2688
19159,108
19161,217
19163,8932
19165,637
19167,2407
19169,3239
19171,965
19173,79
19175,335
19177,64
19179,520
19181,1598
19183,1183
19185,106
19187,2051
19189,653
19191,2633
19193,5879
19195,512
19197,411
20001,235
20003,69
20005,1213
20007,132
20009,590
20011,399
20013,732
20015,695
20017,45
20019,2
20021,268
20023,107
20025,25
20027,287
20029,310
20031,200
20033,37
20035,882
20037,1228
20039,136
20041,691
20043,142
20045,6947
20047,117
20049,8
20051,637
20053,287
20055,891
20057,1450
20059,1286
20061,963
20063,86
20065,55
20067,258
20069,267
20071,40
20073,62
20075,101
20077,91
20079,896
20081,129
20083,29
20085,927
20087,106
20089,71
20091,57487
20093,38
20095,161
20097,220
20099,360
20101,63
20103,2195
20105,100
20107,106
20109,105
20111,530
20113,1415
20115,684
20117,392
20119,110
20121,539
20123,279
20125,768
20127,29
20129,115
20131,454
20133,275
20135,126
20137,154
20139,70
20141,126
20143,67
20145,174
20147,192
20149,1190
20151,331
20153,137
20155,2046
20157,123
20159,534
20161,2151
20163,270
20165,200
20167,242
20169,2729
20171,148
20173,26531
20175,267
20177,8703
20179,138
20181,281
20183,130
20185,66
20187,113
20189,136
20191,361
20193,393
20195,71
20197,45
20199,96
20201,185
20203,85
20205,184
20207,56
20209,7732
21001,1106
21003,201
21005,83
21007,132
21009,762
21011,36
21013,266
21015,14456
21017,260
21019,1649
21021,1640
21023,62
21025,171
21027,194
21029,1900
21031,28
21033,181
21035,871
21037,2994
21039,9
21041,277
21043,711
21045,231
21047,1944
21049,1535
21051,33
21053,84
21055,23
21057,47
21059,3365
21061,30
21063,0
21065,59
21067,20495
21069,68
21071,679
21073,1843
21075,128
21077,16
21079,97
21081,142
21083,1058
21085,431
21087,33
21089,378
21091,66
21093,2733
21095,121
21097,166
21099,116
21101,879
21103,200
21105,242
21107,660
21109,7
21111,55707
21113,3128
21115,232
21117,8790
21119,237
21121,2456
21123,48
21125,5027
21127,94
21129,148
21131,164
21133,279
21135,2
21137,100
21139,234
21141,249
21143,69
21145,4572
21147,31
21149,96
21151,1827
21153,63
21155,126
21157,558
21159,121
21161,605
21163,164
21165,9
21167,215
21169,33
21171,231
21173,347
21175,101
21177,374
21179,489
21181,24
21183,1390
21185,844
21187,152
21189,9
21191,144
21193,714
21195,1081
21197,70
21199,1402
21201,7
21203,720
21205,240
21207,726
21209,1724
21211,1642
21213,336
21215,42
21217,1074
21219,66
21221,211
21223,32
21225,265
21227,4594
21229,320
21231,194
21233,87
21235,2487
21237,78
21239,718
22001,999
22003,461
22005,3302
22007,117
22009,1675
22011,267
22013,143
22015,4918
22017,10291
22019,8151
22021,146
22023,330
22025,140
22027,124
22029,328
22031,297
22033,27389
22035,447
22037,144
22039,557
22041,185
22043,551
22045,1816
22047,856
22049,59
22051,28697
22053,403
22055,13518
22057,5597
22059,547
22061,1217
22063,915
22065,450
22067,280
22069,996
22071,35663
22073,3902
22075,1971
22077,299
22079,2572
22081,60
22083,771
22085,376
22087,428
22089,4371
22091,60
22093,1661
22095,1979
22097,1581
22099,1312
22101,2887
22103,7620
22105,2103
22107,103
22109,5284
22111,35
22113,884
22115,717
22117,1588
22119,553
22121,1422
22123,118
22125,70
22127,589
23001,5341
23003,1045
23005,31235
23007,1220
23009,2971
23011,6231
23013,1487
23015,982
23017,1259
23019,6254
23021,193
23023,880
23025,949
23027,1774
23029,608
23031,5884
24001,1918
24003,54790
24005,48587
24009,1707
24011,809
24013,5381
24015,2217
24017,2966
24019,502
24021,15667
24023,1254
24025,8845
24027,59054
24029,1745
24031,108859
24033,43644
24035,1041
24037,6100
24039,201
24041,1665
24043,8810
24045,2729
24047,1579
24510,84987
25001,9568
25003,9641
25005,25366
25007,606
25009,39319
25011,2267
25013,25786
25015,13055
25017,304204
25019,355
25021,69902
25023,18131
25025,193894
25027,47155
26001,30
26003,52
26005,4186
26007,979
26009,181
26011,507
26013,42
26015,324
26017,3151
26019,142
26021,8296
26023,635
26025,8491
26027,405
26029,437
26031,266
26033,1516
26035,469
26037,793
26039,116
26041,907
26043,820
26045,4628
26047,1498
26049,10373
26051,102
26053,595
26055,3651
26057,1180
26059,1052
26061,720
26063,707
26065,17886
26067,466
26069,700
26071,224
26073,4289
26075,6036
26077,11757
26079,370
26081,51839
26083,44
26085,86
26087,612
26089,476
26091,2998
26093,3544
26095,50
26097,134
26099,25303
26101,1073
26103,1077
26105,350
26107,502
26109,186
26111,6412
26113,217
26115,3118
26117,441
26119,158
26121,2849
26123,1364
26125,156421
26127,617
26129,320
26131,13
26133,231
26135,174
26137,347
26139,10158
26141,38
26143,108
26145,7783
26147,2671
26149,965
26151,514
26153,43
26155,917
26157,552
26159,2490
26161,23734
26163,108411
26165,749
27001,128
27003,10442
27005,536
27007,869
27009,1160
27011,114
27013,3685
27015,1208
27017,265
27019,4740
27021,1626
27023,353
27025,1438
27027,3447
27029,165
27031,348
27033,184
27035,1660
27037,31491
27039,597
27041,874
27043,277
27045,413
27047,807
27049,3354
27051,214
27053,226844
27055,364
27057,214
27059,575
27061,1076
27063,426
27065,59
27067,1537
27069,109
27071,113
27073,197
27075,234
27077,319
27079,498
27081,93
27083,1729
27085,805
27087,977
27089,262
27091,1140
27093,536
27095,1796
27097,451
27099,1620
27101,247
27103,2361
27105,523
27107,200
27109,36111
27111,1033
27113,3977
27115,2163
27117,275
27119,752
27121,428
27123,79067
27125,64
27127,1408
27129,477
27131,7309
27133,364
27135,302
27137,9154
27139,9899
27141,1310
27143,668
27145,9666
27147,1589
27149,375
27151,297
27153,320
27155,147
27157,585
27159,261
27161,260
27163,9314
27165,177
27167,615
27169,4999
27171,2562
27173,649
28001,1485
28003,511
28005,34
28007,200
28009,15
28011,985
28013,175
28015,24
28017,113
28019,11
28021,23
28023,162
28025,405
28027,1038
28029,182
28031,188
28033,4644
28035,2605
28037,171
28039,99
28041,37
28043,240
28045,2759
28047,14859
28049,10549
28051,65
28053,123
28055,17
28057,118
28059,2206
28061,166
28063,17
28065,115
28067,3643
28069,25
28071,1232
28073,569
28075,3677
28077,52
28079,289
28081,3838
28083,795
28085,785
28087,2029
28089,7273
28091,438
28093,1160
28095,357
28097,87
28099,582
28101,102
28103,115
28105,792
28107,299
28109,437
28111,68
28113,485
28115,179
28117,249
28119,20
28121,4532
28123,152
28125,106
28127,132
28129,77
28131,42
28133,445
28135,666
28137,122
28139,360
28141,205
28143,5327
28145,224
28147,58
28149,2910
28151,2018
28153,179
28155,61
28157,219
28159,257
28161,54
28163,275
29001,996
29003,171
29005,147
29007,277
29009,2636
29011,210
29013,209
29015,87
29017,123
29019,9259
29021,3935
29023,433
29025,289
29027,1656
29029,1206
29031,2811
29033,108
29035,41
29037,1364
29039,115
29041,187
29043,1186
29045,174
29047,22933
29049,167
29051,5899
29053,624
29055,515
29057,417
29059,117
29061,61
29063,207
29065,130
29067,77
29069,457
29071,2138
29073,373
29075,133
29077,23961
29079,143
29081,185
29083,323
29085,37
29087,171
29089,529
29091,661
29093,104
29095,46127
29097,3886
29099,2276
29101,729
29103,71
29105,464
29107,471
29109,303
29111,884
29113,416
29115,264
29117,500
29119,154
29121,513
29123,351
29125,93
29127,1406
29129,28
29131,290
29133,287
29135,162
29137,106
29139,151
29141,167
29143,515
29145,1941
29147,252
29149,68
29151,102
29153,169
29155,550
29157,333
29159,890
29161,578
29163,433
29165,8327
29167,1543
29169,746
29171,42
29173,214
29175,741
29177,206
29179,18
29181,74
29183,17109
29185,49
29186,210
29187,1170
29189,137111
29195,1269
29197,12
29199,53
29201,1191
29203,45
29205,67
29207,569
29209,430
29211,43
29213,4212
29215,182
29217,648
29219,554
29221,348
29223,85
29225,299
29227,12
29229,372
29510,57183
30001,220
30003,271
30005,140
30007,65
30009,523
30011,1
30013,4054
30015,94
30017,488
30019,25
30021,356
30023,298
30025,52
30027,202
30029,3512
30031,5224
30033,14
30035,261
30037,7
30039,110
30041,609
30043,197
30045,38
30047,708
30049,3871
30051,57
30053,417
30055,45
30057,120
30059,12
30061,17
30063,4871
30065,199
30067,521
30071,30
30073,212
30075,27
30077,78
30079,11
30081,1012
30083,1293
30085,334
30087,144
30089,97
30091,52
30093,943
30095,335
30097,66
30099,106
30101,271
30103,5
30105,233
30107,81
30109,11
30111,6386
31001,1552
31003,322
31005,4
31009,2
31011,267
31013,298
31015,22
31017,127
31019,2262
31021,322
31023,230
31025,320
31027,263
31029,316
31031,88
31033,1244
31035,196
31037,198
31039,259
31041,262
31043,352
31045,113
31047,638
31049,33
31051,24
31053,1703
31055,67539
31057,60
31059,209
31061,62
31063,72
31065,133
31067,504
31069,6
31071,62
31073,36
31075,8
31077,57
31079,2406
31081,616
31083,40
31087,45
31089,430
31091,3
31093,98
31095,355
31097,70
31099,201
31101,218
31103,9
31105,47
31107,273
31109,21254
31111,649
31113,16
31115,3
31117,6
31119,1431
31121,270
31123,123
31125,45
31127,95
31129,123
31131,533
31133,17
31135,124
31137,463
31139,158
31141,847
31143,122
31145,292
31147,133
31149,53
31151,975
31153,9374
31155,365
31157,1379
31159,1196
31161,173
31163,29
31167,41
31169,262
31173,319
31175,116
31177,542
31179,461
31181,132
31183,71
31185,861
32001,807
32003,273503
32005,5055
32007,4527
32009,2
32013,570
32015,108
32017,26
32019,1113
32021,107
32023,2583
32027,67
32029,64
32031,36088
32033,256
32510,3274
33001,1786
33003,1837
33005,3501
33007,595
33009,12011
33011,28165
33013,12041
33015,19807
33017,2711
33019,1747
34001,32439
34003,104915
34005,27493
34007,24883
34009,2588
34011,5520
34013,58388
34015,10788
34017,59522
34019,6964
34021,64369
34023,114007
34025,33465
34027,89757
34029,13919
34031,19857
34033,1610
34035,65013
34037,2879
34039,36926
34041,4422
35001,47320
35003,71
35005,1260
35006,617
35007,318
35009,881
35011,7
35013,4943
35015,1750
35017,401
35019,189
35023,40
35025,2368
35027,581
35028,9436
35029,261
35031,1403
35033,2
35035,2040
35037,57
35039,819
35041,198
35043,2321
35045,3012
35047,277
35049,6581
35051,125
35053,251
35055,1484
35057,248
35059,214
35061,740
36001,32839
36003,3059
36005,29606
36007,7258
36009,3472
36011,1882
36013,2387
36015,2772
36017,1258
36019,1720
36021,1712
36023,801
36025,689
36027,19787
36029,59854
36031,1001
36033,1818
36035,741
36037,1532
36039,1997
36041,192
36043,1042
36045,2536
36047,74919
36049,261
36051,812
36053,3631
36055,69995
36057,1063
36059,90004
36061,833898
36063,8251
36065,18430
36067,34402
36069,6036
36071,14512
36073,530
36075,1187
36077,1976
36079,1969
36081,98427
36083,9871
36085,11308
36087,16802
36089,5359
36091,9702
36093,11829
36095,380
36097,385
36099,1069
36101,2731
36103,92747
36105,2921
36107,619
36109,23575
36111,4580
36113,3928
36115,715
36117,1233
36119,79054
36121,620
36123,1080
37001,7050
37003,257
37005,79
37007,301
37009,299
37011,885
37013,875
37015,196
37017,219
37019,1235
37021,10035
37023,942
37025,6726
37027,748
37029,11
37031,1373
37033,35
37035,7317
37037,1044
37039,253
37041,219
37043,36
37045,2779
37047,641
37049,2143
37051,8440
37053,758
37055,665
37057,2776
37059,468
37061,676
37063,70659
37065,812
37067,30563
37069,720
37071,4731
37073,57
37075,15
37077,705
37079,73
37081,40870
37083,783
37085,2430
37087,933
37089,2217
37091,1085
37093,151
37095,83
37097,9785
37099,4156
37101,1479
37103,67
37105,1428
37107,1492
37109,819
37111,302
37113,1257
37115,425
37117,226
37119,123505
37121,141
37123,321
37125,2096
37127,3809
37129,10412
37131,710
37133,1642
37135,5115
37137,256
37139,820
37141,383
37143,102
37145,435
37147,5053
37149,156
37151,1994
37153,278
37155,742
37157,1706
37159,4945
37161,559
37163,1257
37165,793
37167,1014
37169,242
37171,2267
37173,190
37175,1039
37177,19
37179,4352
37181,1455
37183,90383
37185,46
37187,117
37189,2752
37191,2613
37193,2984
37195,1719
37197,301
37199,78
38001,85
38003,404
38005,722
38007,8
38009,162
38011,163
38013,85
38015,6336
38017,14798
38019,210
38021,341
38023,88
38025,270
38027,40
38029,144
38031,155
38033,87
38035,2670
38037,55
38039,50
38041,64
38043,23
38045,289
38047,79
38049,111
38051,96
38053,422
38055,236
38057,45
38059,1875
38061,477
38063,130
38065,3
38067,278
38069,180
38071,417
38073,220
38075,93
38077,813
38079,576
38081,97
38083,23
38085,522
38087,6
38089,1591
38091,50
38093,1199
38095,81
38097,483
38099,502
38101,2013
38103,225
38105,1660
39001,159
39003,4278
39005,2353
39007,1656
39009,1309
39011,832
39013,830
39015,324
39017,17409
39019,284
39021,599
39023,5487
39025,5747
39027,3774
39029,2214
39031,355
39033,693
39035,121870
39037,721
39039,1274
39041,10657
39043,2822
39045,1556
39047,1516
39049,120494
39051,827
39053,1321
39055,2658
39057,12795
39059,468
39061,93690
39063,6202
39065,1584
39067,304
39069,419
39071,677
39073,359
39075,1988
39077,756
39079,176
39081,2159
39083,2987
39085,10725
39087,792
39089,4757
39091,2170
39093,11043
39095,22875
39097,1322
39099,6784
39101,1257
39103,6134
39105,84
39107,835
39109,2170
39111,158
39113,34901
39115,105
39117,273
39119,1614
39121,203
39123,600
39125,329
39127,96
39129,850
39131,506
39133,4944
39135,284
39137,407
39139,2557
39141,1156
39143,678
39145,768
39147,2627
39149,1734
39151,14081
39153,38696
39155,4151
39157,2045
39159,4602
39161,692
39163,80
39165,14015
39167,1944
39169,3607
39171,732
39173,5149
39175,392
40001,159
40003,70
40005,108
40007,84
40009,486
40011,416
40013,747
40015,1050
40017,2035
40019,1275
40021,508
40023,261
40025,32
40027,7089
40029,9
40031,3520
40033,688
40035,303
40037,1438
40039,880
40041,1410
40043,112
40045,128
40047,1811
40049,552
40051,826
40053,141
40055,24
40057,44
40059,19
40061,80
40063,378
40065,532
40067,53
40069,81
40071,1919
40073,390
40075,92
40077,149
40079,404
40081,644
40083,253
40085,2846
40087,953
40089,681
40091,196
40093,231
40095,332
40097,496
40099,464
40101,1840
40103,294
40105,144
40107,119
40109,65458
40111,404
40113,903
40115,3012
40117,674
40119,2155
40121,894
40123,629
40125,2171
40127,36
40129,22
40131,3181
40133,320
40135,852
40137,700
40139,346
40141,132
40143,44746
40145,357
40147,5679
40149,75
40151,245
40153,391
41001,310
41003,3234
41005,18428
41007,934
41009,496
41011,1946
41013,183
41015,224
41017,6704
41019,2235
41021,88
41023,32
41025,91
41027,1878
41029,9289
41031,525
41033,2115
41035,2604
41037,55
41039,13362
41041,1821
41043,2750
41045,860
41047,10580
41049,660
41051,89401
41053,1950
41055,21
41057,535
41059,2712
41061,413
41063,140
41065,319
41067,68551
41069,43
41071,4968
42001,3993
42003,175160
42005,1303
42007,4570
42009,958
42011,16744
42013,5032
42015,1138
42017,35723
42019,9776
42021,5785
42023,63
42025,1878
42027,4052
42029,79333
42031,694
42033,2137
42035,877
42037,1347
42039,3117
42041,21971
42043,25389
42045,40005
42047,846
42049,11761
42051,2596
42053,103
42055,5606
42057,316
42059,1440
42061,1596
42063,2818
42065,1036
42067,175
42069,18867
42071,29310
42073,2548
42075,4510
42077,27174
42079,20685
42081,3696
42083,1062
42085,5434
42087,709
42089,5784
42091,113096
42093,2324
42095,21149
42097,1940
42099,1143
42101,151151
42103,1186
42105,492
42107,2679
42109,2072
42111,1113
42113,102
42115,867
42117,657
42119,3583
42121,744
42123,1996
42125,13525
42127,1944
42129,15106
42131,2739
42133,18237
44001,3730
44003,10998
44005,5918
44007,52842
44009,3592
45001,434
45003,8750
45005,83
45007,4482
45009,252
45011,139
45013,4079
45015,8738
45017,138
45019,24853
45021,1642
45023,539
45025,274
45027,279
45029,319
45031,1927
45033,413
45035,1396
45037,318
45039,912
45041,2765
45043,1063
45045,31442
45047,1108
45049,268
45051,7745
45053,640
45055,428
45057,3969
45059,1232
45061,127
45063,7918
45065,145
45067,252
45069,158
45071,607
45073,1713
45075,1520
45077,2763
45079,20653
45081,157
45083,12033
45085,1516
45087,485
45089,213
45091,6273
46003,126
46005,743
46007,33
46009,107
46011,799
46013,1926
46015,151
46017,80
46019,102
46021,31
46023,480
46025,110
46027,187
46029,1704
46031,71
46033,161
46035,1356
46037,218
46039,81
46041,83
46043,127
46045,233
46047,66
46049,69
46051,195
46053,78
46055,169
46057,138
46059,357
46061,36
46063,4
46065,768
46067,333
46069,76
46071,13
46073,143
46075,11
46077,116
46079,431
46081,2083
46083,1747
46085,76
46087,184
46089,56
46091,129
46093,280
46095,8
46097,144
46099,18454
46101,471
46103,4582
46105,89
46107,93
46109,319
46111,26
46113,182
46115,293
46117,60
46119,58
46121,194
46123,133
46125,170
46127,2471
46129,392
46135,652
46137,28
47001,8929
47003,438
47005,81
47007,6
47009,6399
47011,5638
47013,206
47015,38
47017,872
47019,1052
47021,386
47023,868
47025,1283
47027,86
47029,267
47031,728
47033,185
47035,1425
47037,93102
47039,227
47041,184
47043,657
47045,545
47047,817
47049,903
47051,1699
47053,749
47055,626
47057,166
47059,1212
47061,23
47063,1246
47065,23309
47067,10
47069,868
47071,251
47073,351
47075,461
47077,128
47079,722
47081,109
47083,2
47085,205
47087,89
47089,1145
47091,92
47093,27647
47095,121
47097,709
47099,449
47101,114
47103,214
47105,1265
47107,741
47109,65
47111,217
47113,3807
47115,314
47117,162
47119,1314
47121,26
47123,652
47125,2271
47127,6
47129,39
47131,733
47133,96
47135,65
47137,232
47139,103
47141,2224
47143,712
47145,839
47147,724
47149,11658
47151,96
47153,58
47155,4818
47157,75002
47159,42
47161,15
47163,5634
47165,3108
47167,733
47169,203
47171,53
47173,105
47175,2
47177,378
47179,3963
47181,427
47183,351
47185,177
47187,32888
47189,4248
48001,498
48003,371
48005,1870
48007,338
48009,59
48011,9
48013,624
48015,755
48017,133
48019,205
48021,858
48023,57
48025,341
48027,9007
48029,123981
48031,132
48033,10
48035,153
48037,2035
48039,4182
48041,6618
48043,126
48045,6
48047,194
48049,940
48051,102
48053,836
48055,775
48057,294
48059,48
48061,6781
48063,243
48065,110
48067,191
48069,134
48071,1637
48073,1002
48075,111
48077,64
48079,20
48081,14
48083,62
48085,95747
48087,51
48089,387
48091,3789
48093,255
48095,304
48097,1117
48099,783
48101,5
48103,113
48105,88
48107,111
48109,76
48111,303
48113,337528
48115,182
48117,565
48119,20
48121,28915
48123,408
48125,5
48127,332
48129,19
48131,115
48133,1160
48135,3773
48137,2
48139,2877
48141,23171
48143,550
48145,159
48147,303
48149,570
48151,34
48153,139
48155,7
48157,18501
48159,198
48161,237
48163,1427
48165,439
48167,9770
48169,286
48171,679
48173,52
48175,31
48177,230
48179,467
48181,2808
48183,5796
48185,324
48187,3141
48189,1275
48191,315
48193,113
48195,182
48197,41
48199,527
48201,374927
48203,1709
48205,89
48207,161
48209,4061
48211,398
48213,886
48215,12839
48217,307
48219,351
48221,802
48223,1069
48225,284
48227,434
48229,130
48231,1698
48233,289
48235,44
48237,227
48239,644
48241,319
48243,59
48245,8145
48247,63
48249,736
48251,2617
48253,131
48255,806
48257,1103
48259,1344
48261,7
48265,1958
48267,43
48271,82
48273,577
48275,71
48277,642
48279,338
48281,130
48283,236
48285,362
48287,235
48289,214
48291,1557
48293,145
48295,67
48297,378
48299,274
48301,3
48303,9264
48305,40
48307,174
48309,18994
48311,43
48313,81
48315,125
48317,91
48319,69
48321,525
48323,1224
48325,405
48327,25
48329,7645
48331,180
48333,41
48335,26
48337,249
48339,22075
48341,456
48343,112
48345,34
48347,865
48349,991
48351,126
48353,302
48355,11003
48357,336
48359,4
48361,1327
48363,200
48365,350
48367,1555
48369,251
48371,413
48373,531
48375,6439
48377,74
48379,50
48381,1764
48383,133
48385,85
48387,86
48389,222
48391,75
48393,21
48395,577
48397,1798
48399,119
48401,928
48403,45
48405,24
48407,70
48409,764
48411,112
48413,13
48415,816
48417,53
48419,448
48421,51
48423,9180
48425,213
48427,444
48429,206
48431,24
48433,1
48435,114
48437,89
48439,113618
48441,7733
48443,3
48445,485
48447,8
48449,543
48451,2251
48453,142979
48455,97
48457,78
48459,442
48461,22
48463,754
48465,992
48467,434
48469,2206
48471,898
48473,530
48475,172
48477,927
48479,5170
48481,952
48483,126
48485,2832
48487,160
48489,447
48491,26580
48493,251
48495,192
48497,939
48499,967
48501,91
48503,329
48505,72
48507,57
49001,97
49003,529
49005,3581
49007,193
49009,16
49011,10496
49013,180
49015,199
49017,57
49019,403
49021,888
49023,63
49025,695
49027,97
49029,77
49031,4
49033,54
49035,129597
49037,92
49039,648
49041,107
49043,8923
49045,651
49047,388
49049,59911
49051,450
49053,4066
49055,9
49057,6580
50001,4802
50003,1911
50005,839
50007,16125
50009,21
50011,1041
50013,110
50015,669
50017,597
50019,554
50021,3013
50023,5677
50025,3269
50027,2693
51001,638
51003,6260
51005,105
51007,75
51009,715
51011,96
51013,61245
51015,900
51017,380
51019,903
51021,319
51023,649
51025,409
51027,347
51029,82
51031,1116
51033,445
51035,176
51036,107
51037,85
51041,12978
51043,287
51045,36
51047,1090
51049,68
51051,33
51053,147
51057,255
51059,228962
51061,1609
51063,122
51065,211
51067,2090
51069,1663
51071,104
51073,473
51075,8592
51077,32
51079,304
51081,68
51083,603
51085,9029
51087,31419
51089,822
51091,57
51093,656
51095,4877
51097,62
51099,1910
51101,111
51103,491
51105,112
51107,40057
51109,327
51111,75
51113,98
51115,94
51117,941
51119,313
51121,3009
51125,224
51127,158
51131,290
51133,181
51135,156
51137,487
51139,498
51141,90
51143,499
51145,283
51147,947
51149,4378
51153,12087
51155,313
51157,233
51159,170
51161,3190
51163,558
51165,2314
51167,594
51169,185
51171,763
51173,226
51175,259
51177,3435
51179,4576
51181,38
51183,94
51185,854
51187,783
51191,2074
51193,181
51195,364
51197,379
51199,2387
51510,24331
51515,90
51520,1467
51530,326
51540,5711
51550,11984
51570,179
51580,64
51590,1306
51595,89
51600,7411
51610,2225
51620,95
51630,2309
51640,111
51650,6738
51660,2935
51670,493
51678,1406
51680,16863
51683,1259
51685,340
51690,618
51700,8746
51710,17005
51720,299
51730,510
51735,43
51740,2884
51750,128
51760,20779
51770,11110
51775,1734
51790,1436
51800,1212
51810,19540
51820,610
51830,438
51840,3742
53001,536
53003,250
53005,10308
53007,4090
53009,1507
53011,19170
53013,135
53015,2063
53017,813
53019,18
53021,2251
53023,98
53025,2562
53027,823
53029,907
53031,657
53033,344091
53035,5701
53037,1719
53039,279
53041,1006
53043,218
53045,1399
53047,973
53049,288
53051,55
53053,31730
53055,626
53057,3661
53059,32
53061,22637
53063,24969
53065,541
53067,10927
53069,21
53071,3828
53073,8996
53075,1057
53077,7658
54001,908
54003,1258
54005,113
54007,184
54009,714
54011,3233
54013,57
54015,16
54017,846
54019,497
54021,38
54023,53
54025,1594
54027,127
54029,1571
54031,90
54033,2222
54035,407
54037,4364
54039,9331
54041,494
54043,40
54045,351
54047,79
54049,1477
54051,506
54053,180
54055,772
54057,441
54059,380
54061,3762
54063,29
54065,123
54067,169
54069,4196
54071,96
54073,26
54075,269
54077,216
54079,1172
54081,2295
54083,889
54085,61
54087,69
54089,44
54091,103
54093,326
54095,46
54097,640
54099,363
54101,62
54103,270
54105,10
54107,2603
54109,155
55001,73
55003,795
55005,807
55007,237
55009,17770
55011,179
55013,138
55015,1018
55017,1786
55019,732
55021,1609
55023,408
55025,54670
55027,1594
55029,842
55031,1236
55033,1004
55035,5679
55037,11
55039,5461
55041,276
55043,1946
55045,3057
55047,424
55049,3759
55051,95
55053,421
55055,3113
55057,261
55059,7865
55061,169
55063,8040
55065,397
55067,426
55069,509
55071,1945
55073,4773
55075,555
55077,237
55078,568
55079,89731
55081,957
55083,195
55085,953
55087,14972
55089,5292
55091,388
55093,379
55095,927
55097,3094
55099,138
55101,6483
55103,212
55105,8869
55107,135
55109,2365
55111,3791
55113,732
55115,1317
55117,6285
55119,401
55121,409
55123,1021
55125,1037
55127,3354
55129,301
55131,4892
55133,41833
55135,787
55137,418
55139,12405
55141,3395
56001,532
56003,122
56005,1837
56007,191
56009,307
56011,133
56013,1105
56015,314
56017,73
56019,187
56021,3302
56023,120
56025,2399
56027,17
56029,642
56031,107
56033,654
56035,111
56037,836
56039,3597
56041,455
56043,165
56045,64
